{
    "$schema": "https://schema.management.azure.com/schemas/2015-01-01/deploymentParameters.json#",
    "contentVersion": "1.0.0.0",
    "parameters": {
        "databaseAccounts_dxhelpdesk_name": {
            "value": null
        },
        "accounts_CS_LUIS_name": {
            "value": null
        },
        "accounts_dxhelpdesksentiment_name": {
            "value": null
        },
        "databaseAccounts_dxhelpdesk_name_1": {
            "value": null
        },
        "alertrules_Failure_Anomalies___dxhelpdeskbotcrawler_name": {
            "value": null
        },
        "components_dxhelpdeskbotcrawler_name": {
            "value": null
        },
        "components_dxhelpdeskbot_name": {
            "value": null
        },
        "searchServices_dxhelpdesk_name": {
            "value": null
        },
        "storageAccounts_dxhelpdeskbotstorage_name": {
            "value": null
        },
        "serverfarms_dxhelpdeskbot_name": {
            "value": null
        },
        "serverfarms_ServicePlanac6e6f25_a769_name": {
            "value": null
        },
        "serverfarms_ServicePlandbe48610_ba7f_name": {
            "value": null
        },
        "sites_dxhelpdeskbotcrawler_name": {
            "value": null
        },
        "sites_dxhelpdeskbot_name": {
            "value": null
        },
        "sites_dxhelpdeskbotweb_name": {
            "value": null
        },
        "config_web_name": {
            "value": null
        },
        "config_web_name_1": {
            "value": null
        },
        "config_web_name_2": {
            "value": null
        }
    }
}